Cargo ou Conceito de Liderança,Principais Responsabilidades e Competências,Impacto Organizacional e Desafios,Estratégias de Integração e Desenvolvimento,Fonte
Executivos C-level (C-suite),"Liderar a empresa em nível estratégico e operacional, garantir eficiência e atuar como a face pública da organização em entrevistas e congressos. Exige conhecimentos técnico-funcionais, visão macro e habilidades de liderança e comunicação.","Alta responsabilidade no alinhamento da estratégia e na tomada de decisões. Enfronta contextos de disrupção tecnológica (como inteligência artificial) e instabilidade geopolítica que exigem alta adaptação, atualização constante e respostas céleres.","Educação continuada por meio de pós-graduações, mestrados e doutorados profissionais (como  $MBM$  em Liderança de Equipes,  $MBA$  Executivo) e programas de curta duração voltados à alta gestão.",1
CEO (Chief Executive Officer),"Principal executivo e autoridade máxima na hierarquia operacional. Responsável pela liderança do corpo executivo, comunicação com acionistas e conselho, planejamento estratégico, definição da cultura e tomadas de decisão decisivas.","Ponto central de reporte e alinhamento para todos os C-levels. Define o rumo estratégico, a longevidade, o valor de mercado e a cultura ética da empresa.",Não especificado na fonte.,1
COO (Chief Operating Officer) / Arquiteto da Execução,"Traduzir a visão estratégica em execução operacional. Competências técnicas em excelência operacional,  $Lean\ Management$ ,  $Supply\ Chain$ , automação e inteligência de dados. Competências comportamentais e emocionais em resiliência, inteligência emocional e resolução de problemas.","Aumenta a eficiência, produtividade e escalabilidade. Enfrenta o desafio de gerir operações caóticas, crises inesperadas (como pandemias ou ciberataques) e o alinhamento de comunicação entre o chão de fábrica e o  $board$ .","Programas de desenvolvimento focado acelerado (como na Academia de Executivos), ciclos de aprimoramento de 12 meses focados em ""saber-fazer"", ""saber-sentir"" e ""saber-agir"", além do busca contínua por  $feedback$ .","1, 2"
CFO (Chief Financial Officer),"Diretor financeiro responsável pela gestão abrangente de recursos, orçamentação de longo prazo e preservação da saúde financeira da organização.","Desempenha papel fundamental na avaliação de oportunidades de negócios, capacidade de investimento, mitigação de riscos e garantia de retornos financeiros.",Não especificado na fonte.,1
CMO (Chief Marketing Officer),"Diretor de marketing encarregado da coordenação das estratégias mercadológicas, gestão do valor e reputação da marca, campanhas publicitárias, presença em redes sociais e inbound marketing.","Assegura o alinhamento da comunicação e a coesão dos canais para atração, conversão e fidelização de clientes.",Não especificado na fonte.,1
CTO (Chief Technical Officer),"Diretor de tecnologia focado no gerenciamento das operações técnicas, arquitetura de infraestrutura tecnológica, gestão de times de engenharia e escalabilidade de produtos.","Capacidade de escalar produtos e estruturas técnicas mantendo a eficiência, garantindo o desenvolvimento de soluções seguras e evitando a desordem operacional.",Uso de posicionamento executivo focado na combinação de competência técnica e geração de valor para o negócio.,"1, 3"
CHRO (Chief Human Resources Officer),"Diretor de recursos humanos responsável pelo alinhamento da gestão de pessoas com a estratégia do negócio, desenvolvimento de políticas de benefícios e atração de talentos.","Atua no engajamento, retenção e atração de capital humano qualificado, impactando diretamente a cultura e sustentabilidade organizacional.",Não especificado na fonte.,1
CISO (Chief Information Security Officer),"Diretor responsável pela arquitetura e segurança da informação, inteligência contra ciberataques, análise de ameaças e prevenção de vazamento de dados e fraudes.",Proteção dos ativos digitais e garantia da continuidade e integridade da infraestrutura de dados da organização.,Não especificado na fonte.,1
Diretoria Executiva / Posições de Diretoria,"Órgão executivo responsável pela gestão operacional e financeira do negócio, execução das estratégias do conselho, gestão de mudanças e inovação por meio de pensamento sistêmico.","Cargos críticos para a sustentabilidade e entrega de resultados. Apresenta baixa rotatividade (4,55% em 2023 no RS). A ausência de sucessores preparados representa risco para a estratégia.","Matriz de competências focada em diversidade, avaliações anuais pelo Diretor-Presidente, Planos de Desenvolvimento Individual (PDI) e programas como o PDLE (duração de 24 meses).","4, 5"
Diretor-Presidente,"Líder da administração e elo entre o conselho de administração e a organização. Responsável por conduzir a gestão, sugerir indicações de diretores e apresentar planos de sucessão do corpo executivo.","Assegura a comunicação contínua com o conselho, garantindo o alinhamento da operação ao propósito corporativo.","Desenvolvimento e monitoramento de plano de sucessão próprio e para executivos-chave, alinhado ao conselho de administração.",5
Diretor de Operações,Componente obrigatório da Diretoria Executiva; responsável pela gestão e condução das diretrizes operacionais estratégicas.,"Garante a eficiência operacional, a continuidade dos processos e a implementação fluida das diretrizes corporativas.",Desenvolvimento contínuo via PDLE com foco nas competências executivas de Sustentar e Executar.,4
Diretor de Negócios,"Componente opcional da Diretoria Executiva (limitado a três integrantes); focado na expansão comercial, inovação de produtos e serviços e busca por novos mercados.","Atende às necessidades específicas de crescimento, competitividade e demandas de mercado da organização.","Treinamento direcionado para as competências executivas de ""Inovar para Crescer"" e ""Criar Futuros"" dentro do programa PDLE.",4
Lideranças Sêniores / Público-alvo Sucessor,"Gerentes de Agência, Sede e Regionais que demonstram prontidão para assumir cargos de Diretoria Executiva em curto, médio ou longo prazo.",Público estratégico relevante (cerca de 890 posições no RS). Desafio focado em superar o gap de transição do nível gerencial para a postura estratégica executiva.,"Indicação via cooperativa, Design de Carreira individualizado, mentoria virtual de habilidades comportamentais e desenvolvimento de projetos práticos aplicados.",4
PDLE – Programa de Desenvolvimento de Lideranças Executivas,"Estrutura de desenvolvimento criada para mapear trilhas de carreira, fortalecer competências críticas e capacitar executivos e potenciais sucessores.","Desde 2018, respondeu pelo preenchimento de 52% das vagas abertas de diretoria. Tem como desafio contínuo expandir a diversidade e a participação feminina (38-39% nos ciclos recentes).","Formato baseado na metodologia 6Ds, dividido em Design de Carreira, Mentoria de Habilidades e Módulos de Conteúdos (com carga horária aproximada de 98 horas em 24 meses).",4
Sustentar (Competência de Liderança),"Capacidade de zelar pela cultura, promover a saúde organizacional no longo prazo, formar futuros líderes e exercer mentoring, coaching e inteligência política.",Garante a longevidade dos valores organizacionais e assegura a contínua formação de sucessores qualificados.,"Desenvolvida por meio de workshops práticos e do módulo específico ""Preparação de Líderes / Pipeline da Liderança"" (16 horas).",4
Executar (Competência de Liderança),"Habilidade para concretizar estratégias, tomar decisões estruturadas, gerir equipes sob pressão e incentivar o aprendizado acadêmico e prático.",Garante a entrega de metas operacionais e estratégicas sem comprometer o bem-estar e o clima da organização.,"Treinamento focado nos módulos ""Gestão de Fatores de Estresse"" (12 horas) e ""Ciclo de Aprendizagem"" (12 horas) aplicados à rotina de trabalho.",4
Gestão da Mudança (Competência de Liderança),"Capacidade de liderar processos de transformação, lidar com defensividades, gerenciar resistências e evoluir a cultura corporativa.",Permite a contínua adaptabilidade da organização frente às flutuações e exigências do mercado.,"Trabalhada no módulo ""Mudança pela perspectiva comportamental"" (12 horas) e exercitada em projetos práticos organizacionais.",4
Inovar para Crescer (Competência de Liderança),"Competência focada na busca por inovação disruptiva e melhoria contínua em processos, produtos, serviços e modelos de gestão.","Evita a estagnação operacional, aumentando a competitividade e garantindo a expansão no setor de atuação.","Capacitação pelo módulo ""Pensamento disruptivo"" (12 horas) utilizando dinâmicas para alocação de recursos voltados à inovação.",4
Criar Futuros (Competência de Liderança),"Competência de leitura de cenários globais e regionais, antecipação de tendências e formulação de estratégias sustentáveis de longo prazo.","Direciona as estratégias em contextos incertos e de alta complexidade, gerando valor permanente.","Desenvolvimento no módulo ""Pensamento Sistêmico, Resolução de problemas complexos e Criação de cenários para tomada de decisão"" (16 horas).",4
Sócio,"Exercer o direito de voto, eleger conselheiros, deliberar sobre demonstrativos financeiros, contratos e estrutura acionária. Tomar decisões informadas e responsáveis.","Geração de valor sustentável no longo prazo, alinhamento de interesses e prevenção de disputas ou conflitos de interesse societários.","Utilização de mediação, arbitragem, participação diligente nas assembleias e transparência no Acordo de Sócios. Exemplo de posicionamento: ""Profissionalização em empresas familiares e sucessão"".","3, 5"
Conselho de Administração,"Órgão colegiado encarregado da definição da estratégia corporativa, salvaguarda dos valores, supervisão da diretoria executiva e gestão do apetite ao risco.",Supervisão do desempenho e preservação da ética e sustentabilidade. Equilíbrio de interesses entre acionistas e partes interessadas.,"Uso de matrizes de competências, programas formais de integração para novos membros, contínua atualização e avaliação periódica do colegiado.",5
Presidente do Conselho de Administração,"Líder do colegiado encarregado do plano de trabalho do conselho, condução de reuniões, avaliação de desempenho e supervisão da sucessão do Diretor-Presidente.",Assegura a autonomia e coesão do conselho. Evita o acúmulo concomitante do cargo com a gestão operacional para conter concentrações de poder.,"Criação de ambiente de segurança psicológica, estruturação de programas de integração e apoio à educação continuada dos conselheiros.",5
Governance Officer / Área de Governança,"Atuar na gestão e suporte aos órgãos de governança, assegurar a fluidez das informações, redigir atas e alinhar o colegiado às melhores práticas.","Aumenta a transparência, melhora o processo decisório e reduz assimetrias de informação no nível estratégico.",Elaboração e condução de treinamentos continuados e programas de aculturação para conselheiros e diretores.,5
Conselho Fiscal,"Mecanismo independente encarregado da fiscalização dos atos da administração, revisão de demonstrativos contábeis e cumprimento legal.","Garanta a integridade, conformidade e transparência na aplicação dos recursos da sociedade perante os sócios.",Atuação interconectada com reuniões e acompanhamento conjunto com auditorias internas e independentes.,5
Comitê de Auditoria,"Órgão consultivo do conselho focado em supervisionar auditorias, controles internos, gerenciamento de riscos e integridade de relatórios.","Resguarda a confiabilidade das informações financeiras, atuando de maneira isenta e imparcial.",Reuniões periódicas e elaboração de relatórios anuais integrados com o Conselho Fiscal e o Conselho de Administração.,5
Executivo / Líder C-Level / Diretoria / Vice-Presidência,"Gerenciamento de crises, navegação política em cenários ambíguos, gestão do risco macroeconômico e execução de estratégias de expansão,  $M\&A$  ou  $turnaround$ .",Reduz o  $Time-to-Value$ . O custo de uma contratação incorreta nesta esfera pode custar dezenas de vezes o salário anual do cargo e comprometer a imagem da firma.,"Uso de processos de  $Executive\ Search$ , avaliações de  $People\ Analytics$ , mapeamento comportamental e programas de alinhamento cultural e  $ESG$ .",6
Headhunter / Consultor de Executive Search,"Mapeamento de mercado, prospecção discreta de executivos, alinhamento cultural e tradução das necessidades do negócio em perfis operacionais.","Reduz custos com contratações inadequadas, otimiza o tempo da alta gestão e mitiga riscos operacionais.","Utilização de métricas preditivas, apresentação de  $Shortlists$  qualificadas e condução do processo via protocolos rígidos de sigilo.",6
Posicionamento Executivo (EvoPosition / Método EvoLink),Construção sistemática de autoridade e reputação no setor antes da atuação em abordagens comerciais ou corporativas.,Transforma o histórico de empregabilidade em liderança de opinião reconhecida no mercado.,"Construção de histórico textual estruturado no perfil corporativo (""Sobre"" em 3 atos), exibição de provas de autoridade e obtenção de recomendações.",3
Líder em Transição (Novo Gestor / Executivo),"Alcançar sustentabilidade no cargo nos primeiros meses, alinhar metas com a liderança sênior, mapear a cultura e reestruturar a equipe.","Superação de resistências internas, criação de redes de apoio e prevenção de decisões precipitadas sem a devida leitura política.","Foco nas ações dos primeiros 100 dias, estabelecimento de vitórias rápidas ( $quick\ wins$ ), alinhamento contínuo de PDI e contratação de mentores ou  $buddies$ .",7
Modelo dos 4 C’s de Integração (Bauer),"Estruturação do processo de aculturação em quatro níveis:  $Compliance$  (regras),  $Clarification$  (papel),  $Cultura$  e  $Conexão$  (redes sociais).","Evita a limitação do  $onboarding$  apenas à parte burocrática ( $Compliance$ ), que é o erro mais frequente nas empresas.",Integração coordenada entre Recursos Humanos e Comunicação Interna usando multicanais.,7
Programa de Integração Boehringer Ingelheim,Modelo de acompanhamento continuado durante o período inicial de 6 meses do novo colaborador.,Proporcionar aculturação acolhedora e suporte operacional na estrutura corporativa.,"Envio de comunicação prévia, recepção no primeiro dia, visita a parques fabris, cafés periódicos com executivos e checklist guiado para 90 dias.",7
Práticas de Acolhimento do Great Place to Work (GPTW),"Recepção humanizada com foco em integração rápida, reforço da cultura e transparência corporativa.",Demonstrar a relevância do profissional desde o momento do ingresso e promover a proximidade com o time.,"Envio de recados de boas-vindas, envio de cestas no primeiro dia, almoço de integração com o CEO e workshops de aculturação.",7
Práticas de Acolhimento do Google,Integração voltada à autonomia técnica e à inserção no ambiente colaborativo global.,Promover familiarização acelerada com ecossistemas de tecnologia e redes de suporte internacional.,"Atribuição de verba de equipamentos, programa de apadrinhamento ( $buddy$ ), suporte técnico flexível e treinamentos internacionais.",7
Gerente-geral / Diretor (Passagem de Gerente para Diretor),"Liderar o negócio global sob a perspectiva de dono, coordenar áreas fora do escopo original de formação e atuar em planejamento de longo prazo.",Decisões impactam diretamente os resultados financeiros. Alta pressão por resultados imediatos pode elevar a rotatividade.,"Conversas estruturadas com pares veteranos, apoio de  $coaches$  externos com experiência prévia na função e concessão de prazo de adaptação.",8
Líder Executor / Executivo Executor,Líder focado em resolver pendências operacionais operando diretamente na rotina técnica de seus subordinados.,"Gera estresse, fadiga extrema e sensação de estagnação, pois a liderança não o enxerga como pronto para posições estratégicas.","Transição da atuação focada em execução direta para o gerenciamento de resultados através de pessoas, delegando tarefas cotidianas.",9
Liderança Ampliada,"Grupo colegiado deliberativo composto por gestores diretos, pares e executivos de níveis superiores.","Avalia maturações comportamentais para deliberação de aumentos salariais, reestruturações e planos de retenção.",Desenvolvimento de postura corporativa madura nas comunicações e participação ativa na solução de problemas intersetoriais.,9
"Conceito: ""Ser Antes de Ter""","Desenvolvimento antecipado do comportamento, comunicação e  $mindset$  executivo antes do recebimento do cargo formal.","Elimina a postura passiva frente ao crescimento profissional, atribuindo ao indivíduo o protagonismo sobre sua carreira.",Comunicação assertiva voltada para apresentação de recomendações e métricas de ROI em substituição ao relato de esforços técnicos.,9
Executivo / Executiva Imparável,"Profissional com capacidade sustentável de entregar resultados sólidos por meio das equipes, mantendo visão holística do negócio.",Reconhecido como talento indispensável dentro e fora da organização.,Investimento recorrente em competências comportamentais ( $soft\ skills$ ) e postura proativa contínua.,9
Networking Operacional,Mapear e gerir conexões diretas necessárias para a execução diária das tarefas e processos de trabalho.,Assegura a fluidez das rotinas imediatas; o risco reside na limitação da visão profissional apenas ao horizonte operacional.,Mapeamento dos fluxos internos e integração sistemática com equipes interconectadas.,10
Networking Pessoal,Desenvolvimento de relacionamentos interpessoais externos e internos focado em mentoria e desenvolvimento de carreira.,"Proporciona aconselhamento, suporte emocional e suporte de reputação; o desafio é evitar a socialização estéril.","Engajamento em programas formais de mentoria, grupos de afinidade e sessões de  $coaching$ .",10
Networking Estratégico,"Construção de redes de contatos multifuncionais para identificação de tendências, parcerias e antecipação de mudanças no setor.",Potencializa a capacidade de inovação e execução estratégica no longo prazo.,"Cursos voltados a  $Power\ \&\ Influence$ , workshops de estratégia corporativa e rotinas formais de acompanhamento de mercado.",10
Liderança Transformacional (via Capital Social),Mobilização de equipes e geração de valor sustentável com base na construção de confiança e inteligência relacional.,"Reduz entraves burocráticos, aumenta o engajamento das equipes e fortalece a influência não baseada em autoridade formal.","Capacitação em desenvolvimento relacional, networking estratégico e promoção de cultura corporativa colaborativa.",10
HR Business Partner (HRBP) do Futuro / Gestor de Relações,"Atuação como parceiro consultivo do negócio, conectando a gestão de pessoas ao capital estratégico e relacional.",Eleva o engajamento e alinha a gestão de talentos aos objetivos financeiros da empresa.,"Capacitação contínua em visão financeira de negócios, análise de dados e habilidades de inteligência relacional.",10
Mindset do Executivo (Alto Executivo / Diretor / CEO),"Foco permanente na geração de margem financeira, resolução de problemas complexos, criação de  $Business\ Cases$  com  $ROI$  e liderança 360°.",Superação da postura reativa e de mera execução para assunção de papéis propositivos no topo da organização.,"Modelagem comportamental antecipada, desenvolvimento de inteligência de imagem e participação em mentorias de aceleração.",11